{
  "AWSTemplateFormatVersion": "2010-09-09",
  "Description": "CloudFormation template to build the static stack",
  "Parameters": {
    "ApplicationName": {
      "Description": "The application name",
      "Type": "String"
    },
    "DeploymentEnv": {
      "Description": "The Application Deployment Environment",
      "Type": "String",
      "Default": "static"
    },
    "CloudFormationBucket": {
      "Description": "CloudFormation Bucket ",
      "Type": "String"
    }
  },
  "Resources": {
    "ECRContentApi": {
      "Type": "AWS::CloudFormation::Stack",
      "Properties": {
        "TemplateURL": {
          "Fn::Sub": [
            "https://s3-${AWS::Region}.amazonaws.com/${bucket}/common/latest/template-common-ecr.json",
            {
              "bucket": {
                "Ref": "CloudFormationBucket"
              },
              "name": {
                "Ref": "ApplicationName"
              }
            }
          ]
        },
        "Parameters": {
          "ApplicationName": {
            "Ref": "ApplicationName"
          },
          "AwsAccountArnList": "553346130293,267208445930"
        }
      }
    }
  }
}