[
  {
    "ParameterKey": "ApplicationName",
    "ParameterValue": "commerce-configuration-service"
  },
  {
    "ParameterKey": "DeploymentEnv",
    "ParameterValue": "prod"
  },
  {
    "ParameterKey": "CloudFormationBucket",
    "ParameterValue": "artifacts-repo"
  },
  {
    "ParameterKey": "EnvECSClusterStack",
    "ParameterValue": "cluster-prod"
  },
  {
    "ParameterKey": "VpcId",
    "ParameterValue": "vpc-7968491d"
  },
  {
    "ParameterKey": "LoadBalancerListenerPriority",
    "ParameterValue": "99"
  },
  {
    "ParameterKey": "ECSScalableTargetMinCapacity",
    "ParameterValue": "2"
  },
  {
    "ParameterKey": "ECSScalableTargetMaxCapacity",
    "ParameterValue": "2"
  },
  {
    "ParameterKey": "NotificationARN",
    "ParameterValue": "arn:aws:sns:eu-west-1:553346130293:commerce"
  }
]