[
  {
    "ParameterKey"  : "ApplicationName",
    "ParameterValue": "commerce-configuration-service"
  },
  {
    "ParameterKey"  : "DeploymentEnv",
    "ParameterValue": "preprod"
  },
  {
    "ParameterKey"  : "CloudFormationBucket",
    "ParameterValue": "artifacts-repo"
  },
  {
    "ParameterKey"  : "EnvECSClusterStack",
    "ParameterValue": "cluster-preprod"
  },
  {
    "ParameterKey": "VpcId",
    "ParameterValue": "vpc-ec7e4b88"
  },
  {
    "ParameterKey": "LoadBalancerListenerPriority",
    "ParameterValue": "91"
  },
  {
    "ParameterKey": "WithAlarms",
    "ParameterValue": "false"
  }
]