{
  "AWSTemplateFormatVersion": "2010-09-09",
  "Description": "CloudFormation template to build the ECS stack",
  "Parameters": {
    "ApplicationName": {
      "Description": "The name to refer to this component stack",
      "Type": "String"
    },
    "DeploymentEnv": {
      "Description": "The name of the environment (test/uat/prod etc)",
      "Type": "String"
    },
    "BillingTag": {
      "Description": "The billing tag for this stack",
      "Type": "String",
      "Default": "coreapi"
    },
    "KeyName": {
      "Type": "AWS::EC2::KeyPair::KeyName",
      "Description": "Name of an existing EC2 KeyPair to enable SSH access to the ECS instances.",
      "Default": "platforms-zoo"
    },
    "EC2InstanceType": {
      "Type": "String",
      "Description": "Instance type of the EC2 instance",
      "Default": "t2.micro"
    },
    "EC2SecurityGroup": {
      "Type": "String",
      "Description": "Security group for the EC2 instance",
      "Default": ""
    },
    "EC2SecurityGroup2": {
      "Type": "String",
      "Description": "Security group for the EC2 instance",
      "Default": ""
    },
    "EC2SecurityGroup3": {
      "Type": "String",
      "Description": "Security group for the EC2 instance",
      "Default": ""
    },
    "EC2SecurityGroupTmgBase": {
      "Description": "Security Group for The EC2 Instance (2nd)",
      "Type": "String",
      "Default": ""
    },
    "EC2Subnets": {
      "Type": "CommaDelimitedList",
      "Description": "Comma delimited list of the subnets"
    },
    "EnvironmentSecurityGroup": {
      "Description": "Common security group for this environment",
      "Type": "String"
    },
    "VpcId": {
      "Type": "String",
      "Description": "Id of the VPC"
    },
    "ECSMinSize": {
      "Type": "Number",
      "Description": "Min no of instances in ECS cluster"
    },
    "ECSMaxSize": {
      "Type": "Number",
      "Description": "Max no of instances in ECS cluster"
    },
    "ECSDesired": {
      "Type": "Number",
      "Description": "DEPRECATED - Desired no of instances in ECS cluster"
    },
    "EC2ManagedPolicyList": {
      "Description": "Managed Policies to attach to the EC2 role",
      "Type": "CommaDelimitedList",
      "Default": ""
    }

  },
  "Mappings": {
    "AWSRegionToAMI": {
      "us-east-1": {
        "AMIID": "ami-275ffe31"
      },
      "us-west-1": {
        "AMIID": "ami-95f8d2f3"
      },
      "us-west-2": {
        "AMIID": "ami-a28476c2"
      },
      "eu-west-1": {
        "AMIID": "ami-95f8d2f3"
      },
      "eu-central-1": {
        "AMIID": "ami-1c769473"
      },
      "ap-northeast-1": {
        "AMIID": "ami-a98d97c7"
      },
      "ap-southeast-1": {
        "AMIID": "ami-4b3ee928"
      },
      "ap-southeast-2": {
        "AMIID": "ami-513c1032"
      }
    }
  },
  "Conditions": {
    "IsTmgBaseSGroupDefined": {
      "Fn::Not": [
        {
          "Fn::Equals": [
            "",
            {
              "Ref": "EC2SecurityGroupTmgBase"
            }
          ]
        }
      ]
    },
    "IsSGroupDefined": {
      "Fn::Not": [
        {
          "Fn::Equals": [
            "",
            {
              "Ref": "EC2SecurityGroup"
            }
          ]
        }
      ]
    },
    "IsSGroupDefined2": {
      "Fn::Not": [
        {
          "Fn::Equals": [
            "",
            {
              "Ref": "EC2SecurityGroup2"
            }
          ]
        }
      ]
    },
    "IsSGroupDefined3": {
      "Fn::Not": [
        {
          "Fn::Equals": [
            "",
            {
              "Ref": "EC2SecurityGroup3"
            }
          ]
        }
      ]
    }
  },

  "Resources": {

    "FileSystem": {
      "Type": "AWS::EFS::FileSystem",
      "Properties": {
        "PerformanceMode": "maxIO",
        "FileSystemTags": [
          {
            "Key": "Name",
            "Value": {
              "Fn::Sub": [
                "${app}-${env}",
                { "app": {"Ref": "ApplicationName"}, "env": {"Ref": "DeploymentEnv"} }
              ]
            }
            
          }
        ]
      }
    },

    "MountTarget1": {
      "Type": "AWS::EFS::MountTarget",
      "Properties": {
        "FileSystemId": { "Ref": "FileSystem" },
        "SubnetId": { "Fn::Select" : [ "0", {"Ref": "EC2Subnets"} ] },
    
        "SecurityGroups": [ 
                            {
                              "Ref":"EnvironmentSecurityGroup"
                            }
                          ]        
      }
    },

    "MountTarget2": {
      "Type": "AWS::EFS::MountTarget",
      "Properties": {
        "FileSystemId": { "Ref": "FileSystem" },
        "SubnetId": { "Fn::Select" : [ "1", {"Ref": "EC2Subnets"} ] },
        "SecurityGroups": [ 
                            {
                              "Ref":"EnvironmentSecurityGroup"
                            }
                          ]        
      }
    },

    "MountTarget3": {
      "Type": "AWS::EFS::MountTarget",
      "Properties": {
        "FileSystemId": { "Ref": "FileSystem" },
        "SubnetId": { "Fn::Select" : [ "2", {"Ref": "EC2Subnets"} ] },
        "SecurityGroups": [ 
                            {
                              "Ref":"EnvironmentSecurityGroup"
                            }
                          ]           
      }
    },


    "ECSCluster": {
      "Type": "AWS::ECS::Cluster"
    },
    "ECSAutoScalingGroup": {
      "Type": "AWS::AutoScaling::AutoScalingGroup",
      "Properties": {
        "LaunchConfigurationName": {
          "Ref": "ContainerInstances"
        },
        "MinSize": {
          "Ref": "ECSMinSize"
        },
        "MaxSize": {
          "Ref": "ECSMaxSize"
        },
        "NotificationConfigurations": [
          {
            "TopicARN": {"Ref": "ASGScaleEventSNSTopic"},
            "NotificationTypes": [
              "autoscaling:EC2_INSTANCE_TERMINATE"
            ]
          }
        ],
        "VPCZoneIdentifier": {
          "Ref": "EC2Subnets"
        },
        "Tags": [
          {
            "PropagateAtLaunch": true,
            "Value": {
              "Ref": "BillingTag"
            },
            "Key": "Billing"
          },
          {
            "PropagateAtLaunch": true,
            "Value": {
              "Fn::Join": [
                "-",
                [
                  {
                    "Ref": "ApplicationName"
                  },
                  {
                    "Ref": "DeploymentEnv"
                  }
                ]
              ]
            },
            "Key": "Name"
          }
        ]
      },
      "CreationPolicy": {
        "ResourceSignal": {
          "Timeout": "PT25M"
        },
        "AutoScalingCreationPolicy": {
          "MinSuccessfulInstancesPercent": "100"
        }
      },
      "UpdatePolicy": {
        "AutoScalingRollingUpdate": {
          "MinInstancesInService": "1",
          "MaxBatchSize": "1",
          "PauseTime": "PT25M",
          "WaitOnResourceSignals": "true"
        }
      }
    },
    "CPUReservationHighAlert": {
      "Type": "AWS::CloudWatch::Alarm",
      "Properties": {
        "EvaluationPeriods": "1",
        "Statistic": "Maximum",
        "Threshold": "80",
        "Period": "60",
        "AlarmActions": [
          {"Ref": "CPUReservationScaleUpPolicy" }
        ],
        "Dimensions": [
          {
            "Name": "ClusterName",
            "Value": { "Ref": "ECSCluster" }
          }
        ],
        "ComparisonOperator": "GreaterThanThreshold",
        "Namespace": "AWS/ECS",
        "MetricName": "CPUReservation"
      }
    },
    "CPUReservationScaleUpPolicy": {
      "Type": "AWS::AutoScaling::ScalingPolicy",
      "Properties": {
        "AdjustmentType": "ChangeInCapacity",
        "AutoScalingGroupName": { "Ref": "ECSAutoScalingGroup" },
        "Cooldown": "300",
        "ScalingAdjustment": "1"
      }
    },
    "CPUReservationLowAlert": {
      "Type": "AWS::CloudWatch::Alarm",
      "Properties": {
        "EvaluationPeriods": "1",
        "Statistic": "Maximum",
        "Threshold": "20",
        "Period": "60",
        "AlarmActions": [
          {"Ref": "CPUReservationScaleDownPolicy" }
          ],
        "Dimensions": [
          {
            "Name": "ClusterName",
            "Value": { "Ref": "ECSCluster" }
          }
        ],
        "ComparisonOperator": "LessThanThreshold",
        "Namespace": "AWS/ECS",
        "MetricName": "CPUReservation"
      }
    },
    "CPUReservationScaleDownPolicy": {
      "Type": "AWS::AutoScaling::ScalingPolicy",
      "Properties": {
        "AdjustmentType": "ChangeInCapacity",
        "AutoScalingGroupName": { "Ref": "ECSAutoScalingGroup" },
        "Cooldown": "300",
        "ScalingAdjustment": "-1"
      }
    },
    "MemoryReservationHighAlert": {
      "Type": "AWS::CloudWatch::Alarm",
      "Properties": {
        "EvaluationPeriods": "1",
        "Statistic": "Maximum",
        "Threshold": "80",
        "Period": "60",
        "AlarmActions": [
          {"Ref": "MemoryScaleUpPolicy" }
        ],
        "Dimensions": [
          {
            "Name": "ClusterName",
            "Value": { "Ref": "ECSCluster" }
          }
        ],
        "ComparisonOperator": "GreaterThanThreshold",
        "Namespace": "AWS/ECS",
        "MetricName": "MemoryReservation"
      }
    },
    "MemoryScaleUpPolicy": {
      "Type": "AWS::AutoScaling::ScalingPolicy",
      "Properties": {
        "AdjustmentType": "ChangeInCapacity",
        "AutoScalingGroupName": { "Ref": "ECSAutoScalingGroup" },
        "Cooldown": "300",
        "ScalingAdjustment": "1"
      }
    },
    "MemoryReservationLowAlert": {
      "Type": "AWS::CloudWatch::Alarm",
      "Properties": {
        "EvaluationPeriods": "1",
        "Statistic": "Maximum",
        "Threshold": "10",
        "Period": "60",
        "AlarmActions": [
          { "Ref": "MemoryScaleDownPolicy" }
        ],
        "Dimensions": [
          {
            "Name": "ClusterName",
            "Value": { "Ref": "ECSCluster" }
          }
        ],
        "ComparisonOperator": "LessThanThreshold",
        "Namespace": "AWS/ECS",
        "MetricName": "MemoryReservation"
      }
    },
    "MemoryScaleDownPolicy": {
      "Type": "AWS::AutoScaling::ScalingPolicy",
      "Properties": {
        "AdjustmentType": "ChangeInCapacity",
        "AutoScalingGroupName": { "Ref": "ECSAutoScalingGroup" },
        "Cooldown": "300",
        "ScalingAdjustment": "-1"
      }
    },
    "ASGScaleEventSNSTopic": {
      "Type": "AWS::SNS::Topic",
      "Properties": {
        "Subscription": [
          {
            "Endpoint": {
              "Fn::GetAtt": [
                "LambdaFunctionForASG",
                "Arn"
              ]
            },
            "Protocol": "lambda"
          }
        ]
      },
      "DependsOn": "LambdaFunctionForASG"
    },
    "ASGTerminateHook": {
      "Type": "AWS::AutoScaling::LifecycleHook",
      "Properties": {
        "AutoScalingGroupName": { "Ref": "ECSAutoScalingGroup" },
        "DefaultResult": "ABANDON",
        "HeartbeatTimeout": "900",
        "LifecycleTransition": "autoscaling:EC2_INSTANCE_TERMINATING",
        "NotificationTargetARN": { "Ref": "ASGScaleEventSNSTopic" },
        "RoleARN": {
          "Fn::GetAtt": [
            "SNSLambdaRole",
            "Arn"
          ]
        }
      }
    },
    "LambdaFunctionForASG": {
       "Type": "AWS::Lambda::Function",
       "Properties": {
        "Code": {
          "S3Bucket": "platforms-static-assets",
          "S3Key": "ecs-asg-lambda/index.zip"
        },
        "Description": "Lambda code for the autoscaling hook triggers invoked when autoscaling events of launching and terminating instance occur",
        "Handler": "index.lambda_handler",
        "Role": {
          "Fn::GetAtt": [
            "LambdaExecutionRole",
            "Arn"
          ]
        },
        "Runtime": "python2.7",
        "Timeout": "300"
      }
    },
    "LambdaSubscriptionToSNSTopic": {
      "Type": "AWS::SNS::Subscription",
      "Properties": {
        "Endpoint": {
          "Fn::GetAtt": [
            "LambdaFunctionForASG",
            "Arn"
          ]
        },
        "Protocol": "lambda",
        "TopicArn": { "Ref": "ASGScaleEventSNSTopic" }
      },
      "DependsOn": "ASGScaleEventSNSTopic"

    },
    "LambdaInvokePermission": {
      "Type": "AWS::Lambda::Permission",
      "Properties": {
        "FunctionName": { "Ref": "LambdaFunctionForASG" },
        "Action": "lambda:InvokeFunction",
        "Principal": "sns.amazonaws.com",
        "SourceArn": { "Ref": "ASGScaleEventSNSTopic" }
      }
    },
    "SNSLambdaRole": {
      "Type": "AWS::IAM::Role",
      "Properties": {
        "AssumeRolePolicyDocument": {
          "Version": "2012-10-17",
          "Statement": [{
            "Effect": "Allow",
            "Principal": {
              "Service": [
                "autoscaling.amazonaws.com"
              ]
            },
            "Action": [
              "sts:AssumeRole"
            ]
          }]
        },
        "ManagedPolicyArns": [
          "arn:aws:iam::aws:policy/service-role/AutoScalingNotificationAccessRole"
        ],
        "Path": "/"
      }
    },
    "LambdaExecutionRole": {
      "Type": "AWS::IAM::Role",
      "Properties": {
        "Policies": [{
          "PolicyName": "lambda-inline",
          "PolicyDocument": {
            "Version": "2012-10-17",
            "Statement": [{
              "Effect": "Allow",
              "Action": [
                "autoscaling:CompleteLifecycleAction",
                "logs:CreateLogGroup",
                "logs:CreateLogStream",
                "logs:PutLogEvents",
                "ec2:DescribeInstances",
                "ec2:DescribeInstanceAttribute",
                "ec2:DescribeInstanceStatus",
                "ec2:DescribeHosts",
                "ecs:ListContainerInstances",
                "ecs:SubmitContainerStateChange",
                "ecs:SubmitTaskStateChange",
                "ecs:DescribeContainerInstances",
                "ecs:UpdateContainerInstancesState",
                "ecs:ListTasks",
                "ecs:DescribeTasks",
                "sns:Publish",
                "sns:ListSubscriptions"
              ],
              "Resource": "*"
            }]
          }
        }],
        "AssumeRolePolicyDocument": {
          "Version": "2012-10-17",
          "Statement": [{
            "Effect": "Allow",
            "Principal": {
              "Service": [
                "lambda.amazonaws.com"
              ]
            },
            "Action": [
              "sts:AssumeRole"
            ]
          }]
        },
        "ManagedPolicyArns": [
          "arn:aws:iam::aws:policy/service-role/AutoScalingNotificationAccessRole"
        ],
        "Path": "/"
      }
    },
    "CloudFormationLogs": {
      "Type": "AWS::Logs::LogGroup",
      "Properties": {
        "LogGroupName": {
          "Fn::Join": [
            "",
            [
              {
                "Ref": "ApplicationName"
              },
              "-",
              {
                "Ref": "DeploymentEnv"
              }
            ]
          ]
        },
        "RetentionInDays": 7
      }
    },
    "ContainerInstances": {
      "Type": "AWS::AutoScaling::LaunchConfiguration",
      "Metadata": {
        "AWS::CloudFormation::Init": {
          "config": {
            "commands": {
              "01_add_instance_to_cluster": {
                "command": {
                  "Fn::Join": [
                    "",
                    [
                      "#!/bin/bash\n",
                      "echo ECS_CLUSTER=",
                      {
                        "Ref": "ECSCluster"
                      },
                      " >> /etc/ecs/ecs.config"
                    ]
                  ]
                }
              },
              "01_create_state_directory": {
                "command": "mkdir -p /var/awslogs/state"
              }
            },
            "packages": {
              "yum": {
                "awslogs": []
              }
            },
            "files": {
              "/etc/cfn/cfn-hup.conf": {
                "content": {
                  "Fn::Join": [
                    "",
                    [
                      "[main]\n",
                      "stack=",
                      {
                        "Ref": "AWS::StackId"
                      },
                      "\n",
                      "region=",
                      {
                        "Ref": "AWS::Region"
                      },
                      "\n"
                    ]
                  ]
                },
                "mode": "000400",
                "owner": "root",
                "group": "root"
              },
              "/etc/cfn/hooks.d/cfn-auto-reloader.conf": {
                "content": {
                  "Fn::Join": [
                    "",
                    [
                      "[cfn-auto-reloader-hook]\n",
                      "triggers=post.update\n",
                      "path=Resources.ContainerInstances.Metadata.AWS::CloudFormation::Init\n",
                      "action=/opt/aws/bin/cfn-init -v ",
                      "         --stack ",
                      {
                        "Ref": "AWS::StackName"
                      },
                      "         --resource ContainerInstances ",
                      "         --region ",
                      {
                        "Ref": "AWS::Region"
                      },
                      "\n",
                      "runas=root\n"
                    ]
                  ]
                }
              },
              "/etc/awslogs/awslogs.conf": {
                "content": {
                  "Fn::Join": [
                    "",
                    [
                      "[general]\n",
                      "state_file= /var/awslogs/state/agent-state\n",
                      "[/var/log/dmesg]\n",
                      "file = /var/log/dmesg\n",
                      "log_group_name = ",
                      {
                        "Ref": "CloudFormationLogs"
                      },
                      "\n",
                      "log_stream_name = {instance_id}/dmesg.log\n",
                      "[/var/log/messages]\n",
                      "file = /var/log/messages\n",
                      "log_group_name = ",
                      {
                        "Ref": "CloudFormationLogs"
                      },
                      "\n",
                      "log_stream_name = {instance_id}/messages\n",
                      "datetime_format = %b %d %H:%M:%S\n",
                      "[/var/log/docker]\n",
                      "file = /var/log/docker\n",
                      "log_group_name = ",
                      {
                        "Ref": "CloudFormationLogs"
                      },
                      "\n",
                      "log_stream_name = {instance_id}/docker\n",
                      "datetime_format = %Y-%m-%dT%H:%M:%S.%f\n",
                      "[/var/log/ecs/ecs-init.log]\n",
                      "file = /var/log/ecs/ecs-init.log.*\n",
                      "log_group_name = ",
                      {
                        "Ref": "CloudFormationLogs"
                      },
                      "\n",
                      "log_stream_name = {instance_id}/ecs-init.log\n",
                      "datetime_format = %Y-%m-%dT%H:%M:%SZ\n",
                      "[/var/log/ecs/ecs-agent.log]\n",
                      "file = /var/log/ecs/ecs-agent.log.*\n",
                      "log_group_name = ",
                      {
                        "Ref": "CloudFormationLogs"
                      },
                      "\n",
                      "log_stream_name = {instance_id}/ecs-agent.log\n",
                      "datetime_format = %Y-%m-%dT%H:%M:%SZ\n",
                      "[/var/log/ecs/audit.log]\n",
                      "file = /var/log/ecs/audit.log.*\n",
                      "log_group_name = ",
                      {
                        "Ref": "CloudFormationLogs"
                      },
                      "\n",
                      "log_stream_name = {instance_id}/audit.log.log\n",
                      "datetime_format = %Y-%m-%dT%H:%M:%SZ\n",
                      "[/var/log/cloud-init.log]\n",
                      "file = /var/log/cloud-init.log\n",
                      "log_group_name = ",
                      {
                        "Ref": "CloudFormationLogs"
                      },
                      "\n",
                      "log_stream_name = {instance_id}/cloud-init.log\n",
                      "datetime_format = \n",
                      "[/var/log/cloud-init-output.log]\n",
                      "file = /var/log/cloud-init-output.log\n",
                      "log_group_name = ",
                      {
                        "Ref": "CloudFormationLogs"
                      },
                      "\n",
                      "log_stream_name = {instance_id}/cloud-init-output.log\n",
                      "datetime_format = \n",
                      "[/var/log/cfn-init.log]\n",
                      "file = /var/log/cfn-init.log\n",
                      "log_group_name = ",
                      {
                        "Ref": "CloudFormationLogs"
                      },
                      "\n",
                      "log_stream_name = {instance_id}/cfn-init.log\n",
                      "datetime_format = \n",
                      "[/var/log/cfn-hup.log]\n",
                      "file = /var/log/cfn-hup.log\n",
                      "log_group_name = ",
                      {
                        "Ref": "CloudFormationLogs"
                      },
                      "\n",
                      "log_stream_name = {instance_id}/cfn-hup.log\n",
                      "datetime_format = \n",
                      "[/var/log/cfn-wire.log]\n",
                      "file = /var/log/cfn-wire.log\n",
                      "log_group_name = ",
                      {
                        "Ref": "CloudFormationLogs"
                      },
                      "\n",
                      "log_stream_name = {instance_id}/cfn-wire.log\n",
                      "datetime_format = \n",
                      "[/var/log/httpd]\n",
                      "file = /var/log/httpd/*\n",
                      "log_group_name = ",
                      {
                        "Ref": "CloudFormationLogs"
                      },
                      "\n",
                      "log_stream_name = {instance_id}/httpd\n",
                      "datetime_format = %d/%b/%Y:%H:%M:%S\n"
                    ]
                  ]
                },
                "mode": "000444",
                "owner": "root",
                "group": "root"
              },
              "/etc/awslogs/awscli.conf": {
                "content": {
                  "Fn::Join": [
                    "",
                    [
                      "[plugins]\n",
                      "cwlogs = cwlogs\n",
                      "[default]\n",
                      "region = ",
                      {
                        "Ref": "AWS::Region"
                      },
                      "\n"
                    ]
                  ]
                },
                "mode": "000444",
                "owner": "root",
                "group": "root"
              }
            },
            "services": {
              "sysvinit": {
                "cfn-hup": {
                  "enabled": "true",
                  "ensureRunning": "true",
                  "files": [
                    "/etc/cfn/cfn-hup.conf",
                    "/etc/cfn/hooks.d/cfn-auto-reloader.conf"
                  ]
                },
                "awslogs": {
                  "enabled": "true",
                  "ensureRunning": "true",
                  "files": [
                    "/etc/awslogs/awslogs.conf"
                  ]
                }
              }
            }
          }
        }
      },
      "Properties": {
        "ImageId": {
          "Fn::FindInMap": [
            "AWSRegionToAMI",
            {
              "Ref": "AWS::Region"
            },
            "AMIID"
          ]
        },
        "InstanceType": {
          "Ref": "EC2InstanceType"
        },
        "IamInstanceProfile": {
          "Ref": "EC2InstanceProfile"
        },
        "KeyName": {
          "Ref": "KeyName"
        },
        "SecurityGroups": [
          {
            "Ref": "EnvironmentSecurityGroup"
          },
          {
            "Fn::If": [
              "IsTmgBaseSGroupDefined",
              {
                "Ref": "EC2SecurityGroupTmgBase"
              },
              {
                "Ref": "AWS::NoValue"
              }
            ]
          },
          {
            "Fn::If": [
              "IsSGroupDefined",
              {
                "Ref": "EC2SecurityGroup"
              },
              {
                "Ref": "AWS::NoValue"
              }
            ]
          },
          {
            "Fn::If": [
              "IsSGroupDefined2",
              {
                "Ref": "EC2SecurityGroup2"
              },
              {
                "Ref": "AWS::NoValue"
              }
            ]
          },
          {
            "Fn::If": [
              "IsSGroupDefined3",
              {
                "Ref": "EC2SecurityGroup3"
              },
              {
                "Ref": "AWS::NoValue"
              }
            ]
          }
        ],
        "UserData": {
          "Fn::Base64": {
            "Fn::Join": [
              "",
              [
                "#cloud-boothook\n",
                "#!/bin/bash\n",
                "ECS_CLUSTER=",
                {
                  "Ref": "ECSCluster"
                },
                "\n",
                "echo 'OPTIONS=\"--bip 172.31.0.1/16 ${OPTIONS}\"' >> etc/sysconfig/docker\n",
                "\n",
                "#!/bin/bash -xe\n",
                "yum install -y aws-cfn-bootstrap\n",
                "yum update -y ecs-init\n",
                "/opt/aws/bin/cfn-init -v ",
                "         --stack ",
                {
                  "Ref": "AWS::StackName"
                },
                "         --resource ContainerInstances ",
                "         --region ",
                {
                  "Ref": "AWS::Region"
                },
                "\n",
                "/opt/aws/bin/cfn-signal -e $? ",
                "         --stack ",
                {
                  "Ref": "AWS::StackName"
                },
                "         --resource ECSAutoScalingGroup ",
                "         --region ",
                {
                  "Ref": "AWS::Region"
                },
                "\n",

                "yum update -y \n",
                "yum install -y jq nfs-utils \n",
                "EFSFILESYSTEMNAME=",
                {
                "Fn::Join": ["-",
                                 [{"Ref": "ApplicationName"},{"Ref": "DeploymentEnv"}]
                             ]
                },
                "\n",

                "EFSFILESYSTEMID=",
                {
                   "Ref": "FileSystem"
                },  
                "\n",
                "EC2AVAILZONE=\"$(curl -s http://169.254.169.254/latest/meta-data/placement/availability-zone)\" \n",
                "EC2REGION=\"$(curl -s http://169.254.169.254/latest/dynamic/instance-identity/document | jq -r '.region')\"  \n",
                "DIRTGT=\"/mnt/efs\" \n",
                "mkdir \"${DIRTGT}\"   \n",
                "DIRSRC=\"${EC2AVAILZONE}.${EFSFILESYSTEMID}.efs.${EC2REGION}.amazonaws.com\" \n",
                "mount -t nfs4 -o nfsvers=4.1,rsize=1048576,wsize=1048576,soft,timeo=600,retrans=2 \"${DIRSRC}:/\" \"${DIRTGT}\" \n",
                "cp -p \"/etc/fstab\" \"/etc/fstab.back-$(date +%F)\" \n",
                "echo -e \"${DIRSRC}:/ \t\t ${DIRTGT} \t\t nfs \t\t nfsvers=4.1,rsize=1048576,wsize=1048576,soft,timeo=600,retrans=2 \t\t 0 \t\t 0\" | tee -a /etc/fstab \n"
              ]
            ]
          }
        }
      }
    },
    "EC2Role": {
      "Type": "AWS::IAM::Role",
      "Properties": {
        "AssumeRolePolicyDocument": {
          "Statement": [
            {
              "Effect": "Allow",
              "Principal": {
                "Service": [
                  "ec2.amazonaws.com"
                ]
              },
              "Action": [
                "sts:AssumeRole"
              ]
            }
          ]
        },
        "Path": "/",
        "Policies": [
          {
            "PolicyName": "ecs-service",
            "PolicyDocument": {
              "Statement": [
                {
                  "Effect": "Allow",
                  "Action": [
                    "ecs:CreateCluster",
                    "ecs:DeregisterContainerInstance",
                    "ecs:DiscoverPollEndpoint",
                    "ecs:Poll",
                    "ecs:RegisterContainerInstance",
                    "ecs:StartTelemetrySession",
                    "ecs:Submit*",
                    "logs:CreateLogGroup",
                    "logs:CreateLogStream",
                    "logs:PutLogEvents",
                    "logs:DescribeLogStreams",
                    "ecr:BatchCheckLayerAvailability",
                    "ecr:BatchGetImage",
                    "ecr:GetDownloadUrlForLayer",
                    "ecr:GetAuthorizationToken"
                  ],
                  "Resource": "*"
                }
              ]
            }
          }
        ],
        "ManagedPolicyArns":{"Ref":"EC2ManagedPolicyList"}
      }
    },
    "EC2InstanceProfile": {
      "Type": "AWS::IAM::InstanceProfile",
      "Properties": {
        "Path": "/",
        "Roles": [
          {
            "Ref": "EC2Role"
          }
        ]
      }
    }
  },
  "Outputs": {
    "ECSClusterID": {
      "Description": "ID ECS Cluster",
      "Value": {
        "Ref": "ECSCluster"
      }
    },

    "ASGScaleEventSNSTopicArn": {
      "Description": "ASG Scale Event SNS Arn",
      "Value": {
        "Ref": "ASGScaleEventSNSTopic"
      },
    },

    "FileSystemID" : {
      "Description" : "File system ID",
      "Value" :  { "Ref" : "FileSystem" }
    }
  }
}
