{
  "AWSTemplateFormatVersion": "2010-09-09",
  "Description": "CloudFormation template to build the ECS service stack",
  "Parameters": {
    "ApplicationName": {
      "Description": "The name to refer to this component stack",
      "Type": "String"
    },
    "DeploymentEnv": {
      "Description": "The environment to refer to this component stack",
      "Type": "String"
    },
    "BuildImage": {
      "Description": "The Docker image (Ex: project/service-A)",
      "Type": "String",
      "Default": ""
    },
    "BuildVersion": {
      "Description": "The version of the build",
      "Type": "String"
    },
    "VpcId": {
      "Type": "String",
      "Description": "Id of the VPC"
    },
    "ECSClusterPhysicalId": {
      "Description": "The physical id of the ecs cluster",
      "Type": "String"
    },
    "TaskCpuAllocation": {
      "Description": "CPU allocation of the task",
      "Type": "String",
      "Default": "256"
    },
    "TaskMemoryAllocation": {
      "Description": "Memory allocation of the task",
      "Type": "String",
      "Default": "495"
    },
    "DesiredCount": {
      "Description": "Desired count of the task",
      "Type": "String",
      "Default": "2"
    },
    "ECSLoadBalancerListener": {
      "Description": "ECS load balancer listener",
      "Type": "String"
    },
    "EnvironmentECSLoadBalancerFullName": {
      "Description": "ECS load balancer full name",
      "Type": "String",
      "Default": ""
    },
    "ContainerPort": {
      "Description": "Container port",
      "Type": "String",
      "Default": "8080"
    },
    "HealthEndpoint": {
      "Description": "Health endpoint",
      "Type": "String",
      "Default": "/health"
    },
    "HealthCheckIntervalSeconds": {
      "Description": "Set the HealthCheck Interval in seconds",
      "Type": "String",
      "Default": "10"
    },
    "HealthCheckTimeoutSeconds": {
      "Description": "Set the HealthCheck Timeout in seconds",
      "Type": "String",
      "Default": "9"
    },
    "HealthyThresholdCount": {
      "Description": "The number of consecutive successful health checks that are required before an unhealthy target is considered healthy.",
      "Type": "String",
      "Default": "3"
    },
    "UnhealthyThresholdCount": {
      "Description": "The number of consecutive failed health checks that are required before a target is considered unhealthy.",
      "Type": "String",
      "Default": "2"
    },
    "LoadBalancerListenerPriority": {
      "Description": "Load Balancer Listener Priority",
      "Type": "String"
    },
    "DeploymentConfigMaxPercent": {
      "Description": "Deployment Configuration Max Percent",
      "Type": "String",
      "Default": "199"
    },
    "DeploymentConfigMinPercent": {
      "Description": "Deployment Configuration Min Percent",
      "Type": "String",
      "Default": "50"
    },
    "TaskRoleArn": {
      "Description": "The role that will be assignd to the service task",
      "Type": "String",
      "Default": ""
    },
    "AccountId": {
      "Description": "Account Id for the ECR repo",
      "Type": "String",
      "Default": ""
    },
    "DeregistrationDelay": {
      "Description": "The amount time for Load Balancing to wait before changing the state of a deregistering target from draining to unused",
      "Type": "String",
      "Default": "300"
    },
    "AlbPathSuffix": {
      "Description": "The suffix of the ALB target path. It will be added to the default path which is the ApplicationName",
      "Type": "String",
      "Default": ""
    },
    "ECSScalableTargetMinCapacity": {
      "Description": "ECS Scalable Target Min Capacity",
      "Type": "String",
      "Default": "2"
    },
    "ECSScalableTargetMaxCapacity": {
      "Description": "ECS Scalable Target Max Capacity",
      "Type": "String",
      "Default": "10"
    },
    "NotificationARN": {
      "Description": "Target ARN of the Notification",
      "Type": "String",
      "Default": ""
    },
    "ECSUlimitsNoFileSoftLimit": {
      "Description": "The soft limit of the nofile ulimit",
      "Type": "String",
      "Default": "2048"
    },
    "ECSUlimitsNoFileHardLimit": {
      "Description": "The hard limit of the nofile ulimit",
      "Type": "String",
      "Default": "4096"
    },
    "LambdaToElasticsearchArn": {
      "Description": "Lambda function ARN that pushes messages into Elasticsearch",
      "Type": "String",
      "Default": ""
    }
  },
  "Conditions": {
    "IsBuildImageDefined": {
      "Fn::Not": [
        {
          "Fn::Equals": [
            "",
            {
              "Ref": "BuildImage"
            }
          ]
        }
      ]
    },
    "IsAccountIdDefined": {
      "Fn::Not": [
        {
          "Fn::Equals": [
            "",
            {
              "Ref": "AccountId"
            }
          ]
        }
      ]
    },
    "IsNotificationARNDefined": {
      "Fn::Not": [
        {
          "Fn::Equals": [
            "",
            {
              "Ref": "NotificationARN"
            }
          ]
        }
      ]
    },
    "IsEnvironmentECSLoadBalancerFullNameDefined": {
      "Fn::Not": [
        {
          "Fn::Equals": [
            "",
            {
              "Ref": "EnvironmentECSLoadBalancerFullName"
            }
          ]
        }
      ]
    },
    "IsLambdaToElasticsearchArn": {
      "Fn::Not": [
        {
          "Fn::Equals": [
            "",
            {
              "Ref": "LambdaToElasticsearchArn"
            }
          ]
        }
      ]
    }
  },
  "Resources": {
    "ECSServiceRole": {
      "Type": "AWS::IAM::Role",
      "Properties": {
        "AssumeRolePolicyDocument": {
          "Statement": [
            {
              "Effect": "Allow",
              "Principal": {
                "Service": [
                  "ecs.amazonaws.com"
                ]
              },
              "Action": [
                "sts:AssumeRole"
              ]
            }
          ]
        },
        "Path": "/",
        "ManagedPolicyArns": [
          "arn:aws:iam::aws:policy/service-role/AmazonEC2ContainerServiceRole"
        ]
      }
    },
    "ECSTaskDefinition": {
      "Type": "AWS::ECS::TaskDefinition",
      "DependsOn": "ECSLogsGroup",
      "Properties": {
        "ContainerDefinitions": [
          {
            "Name": {
              "Fn::Sub": [
                "${app}-${env}",
                {
                  "app": {
                    "Ref": "ApplicationName"
                  },
                  "env": {
                    "Ref": "DeploymentEnv"
                  }
                }
              ]
            },
            "Image": {
              "Fn::Sub": [
                "${accountId}.dkr.ecr.${AWS::Region}.amazonaws.com/${name}:${tag}",
                {
                  "accountId": {
                    "Fn::If": [
                      "IsAccountIdDefined",
                      {
                        "Ref": "AccountId"
                      },
                      {
                        "Ref": "AWS::AccountId"
                      }
                    ]
                  },
                  "name": {
                    "Fn::If": [
                      "IsBuildImageDefined",
                      {
                        "Ref": "BuildImage"
                      },
                      {
                        "Ref": "ApplicationName"
                      }
                    ]
                  },
                  "tag": {
                    "Ref": "BuildVersion"
                  }
                }
              ]
            },
            "Cpu": {
              "Ref": "TaskCpuAllocation"
            },
            "Memory": {
              "Ref": "TaskMemoryAllocation"
            },
            "EntryPoint": [],
            "Environment": [
              {
                "Name": "ENVIRONMENT",
                "Value": {
                  "Ref": "DeploymentEnv"
                }
              },
              {
                "Name": "BUILD_VERSION",
                "Value": {
                  "Ref": "BuildVersion"
                }
              }
            ],
            "Command": [],
            "PortMappings": [
              {
                "HostPort": "0",
                "ContainerPort": {
                  "Ref": "ContainerPort"
                }
              }
            ],
            "VolumesFrom": [],
            "Links": [],
            "MountPoints": [],
            "Essential": true,
            "LogConfiguration": {
              "LogDriver": "awslogs",
              "Options": {
                "awslogs-group": {
                  "Ref": "ECSLogsGroup"
                },
                "awslogs-region": {
                  "Ref": "AWS::Region"
                },
                "awslogs-stream-prefix": {
                  "Fn::Sub": [
                    "${app}-${env}",
                    {
                      "app": {
                        "Ref": "ApplicationName"
                      },
                      "env": {
                        "Ref": "DeploymentEnv"
                      }
                    }
                  ]
                }
              }
            },
            "Ulimits": [
              {
                "Name": "nofile",
                "SoftLimit": {
                  "Ref": "ECSUlimitsNoFileSoftLimit"
                },
                "HardLimit": {
                  "Ref": "ECSUlimitsNoFileHardLimit"
                }
              }
            ]
          }
        ],
        "Volumes": [],
        "TaskRoleArn": {
          "Ref": "TaskRoleArn"
        }
      }
    },
    "ECSLogsGroup": {
      "Type": "AWS::Logs::LogGroup",
      "Properties": {
        "LogGroupName": {
          "Fn::Join": [
            "-",
            [
              {
                "Ref": "ApplicationName"
              },
              {
                "Ref": "DeploymentEnv"
              }
            ]
          ]
        },
        "RetentionInDays": 30
      }
    },
    "LambdaSubscriptionPermission":{
      "Type": "AWS::Lambda::Permission",
      "Condition": "IsLambdaToElasticsearchArn",
      "Properties": {
        "FunctionName": { "Ref": "LambdaToElasticsearchArn" },
        "Action": "lambda:*",
        "Principal": {
          "Fn::Join": [ ".",
            [
              "logs",
              { "Ref": "AWS::Region" },
              "amazonaws.com"
            ]
          ]
        },
        "SourceAccount": { "Ref": "AWS::AccountId"}
      }
    },
    "ECSLogsGroupToElasticSearch": {
      "Type": "AWS::Logs::SubscriptionFilter",
      "Condition": "IsLambdaToElasticsearchArn",
      "Properties": {
        "LogGroupName": { "Ref" : "ECSLogsGroup" },
        "DestinationArn": { "Ref": "LambdaToElasticsearchArn" },
        "FilterPattern": ""
      },
      "DependsOn": "LambdaSubscriptionPermission",
    },
    "ECSService": {
      "Type": "AWS::ECS::Service",
      "Properties": {
        "Cluster": {
          "Ref": "ECSClusterPhysicalId"
        },
        "DeploymentConfiguration": {
          "MaximumPercent": {
            "Ref": "DeploymentConfigMaxPercent"
          },
          "MinimumHealthyPercent": {
            "Ref": "DeploymentConfigMinPercent"
          }
        },
        "DesiredCount": {
          "Ref": "DesiredCount"
        },
        "LoadBalancers": [
          {
            "ContainerName": {
              "Fn::Sub": [
                "${app}-${env}",
                {
                  "app": {
                    "Ref": "ApplicationName"
                  },
                  "env": {
                    "Ref": "DeploymentEnv"
                  }
                }
              ]
            },
            "ContainerPort": {
              "Ref": "ContainerPort"
            },
            "TargetGroupArn": {
              "Ref": "ECSLoadBalancerListenerTargetGroup"
            }
          }
        ],
        "Role": {
          "Ref": "ECSServiceRole"
        },
        "TaskDefinition": {
          "Ref": "ECSTaskDefinition"
        }
      },
      "DependsOn": [
        "ECSLoadBalancerListenerTargetGroup"
      ]
    },
    "ECSLoadBalancerListenerTargetGroup": {
      "Type": "AWS::ElasticLoadBalancingV2::TargetGroup",
      "Properties": {
        "HealthCheckPath": {
          "Ref": "HealthEndpoint"
        },
        "HealthCheckProtocol": "HTTP",
        "HealthCheckIntervalSeconds": {
          "Ref": "HealthCheckIntervalSeconds"
        },
        "HealthCheckTimeoutSeconds": {
          "Ref": "HealthCheckTimeoutSeconds"
        },
        "HealthyThresholdCount": {
          "Ref": "HealthyThresholdCount"
        },
        "UnhealthyThresholdCount": {
          "Ref": "UnhealthyThresholdCount"
        },
        "Protocol": "HTTP",
        "Port": {
          "Ref": "ContainerPort"
        },
        "VpcId": {
          "Ref": "VpcId"
        },
        "TargetGroupAttributes": [
          {
            "Key": "deregistration_delay.timeout_seconds",
            "Value": {
              "Ref": "DeregistrationDelay"
            }
          }
        ]
      }
    },
    "ECSLoadBalancerListenerRule": {
      "Type": "AWS::ElasticLoadBalancingV2::ListenerRule",
      "Properties": {
        "Actions": [
          {
            "Type": "forward",
            "TargetGroupArn": {
              "Ref": "ECSLoadBalancerListenerTargetGroup"
            }
          }
        ],
        "Conditions": [
          {
            "Field": "path-pattern",
            "Values": [
              {
                "Fn::Sub": [
                  "/${app}${albPathSuffix}/*",
                  {
                    "app": {
                      "Ref": "ApplicationName"
                    },
                    "albPathSuffix": {
                      "Ref": "AlbPathSuffix"
                    }
                  }
                ]
              }
            ]
          }
        ],
        "ListenerArn": {
          "Ref": "ECSLoadBalancerListener"
        },
        "Priority": {
          "Ref": "LoadBalancerListenerPriority"
        }
      },
      "DependsOn": [
        "ECSLoadBalancerListenerTargetGroup"
      ]
    },
    "AlbHealthyHostCountAlert": {
      "Type": "AWS::CloudWatch::Alarm",
      "Condition": "IsEnvironmentECSLoadBalancerFullNameDefined",
      "Properties": {
        "EvaluationPeriods": "1",
        "Statistic": "Average",
        "Threshold": "1",
        "Period": "60",
        "AlarmActions": [
          {
            "Fn::If": [
              "IsNotificationARNDefined",
              {
                "Ref": "NotificationARN"
              },
              {
                "Ref": "AWS::NoValue"
              }
            ]
          }
        ],
        "Dimensions": [
          {
            "Name": "LoadBalancer",
            "Value": {
              "Ref": "EnvironmentECSLoadBalancerFullName"
            }
          },
          {
            "Name": "TargetGroup",
            "Value": {
              "Fn::GetAtt": [
                "ECSLoadBalancerListenerTargetGroup",
                "TargetGroupFullName"
              ]
            }
          }
        ],
        "ComparisonOperator": "LessThanThreshold",
        "Namespace": "AWS/ApplicationELB",
        "MetricName": "HealthyHostCount"
      }
    },
    "Alb5XXCountAlert": {
      "Type": "AWS::CloudWatch::Alarm",
      "Condition": "IsEnvironmentECSLoadBalancerFullNameDefined",
      "Properties": {
        "EvaluationPeriods": "1",
        "Statistic": "Sum",
        "Threshold": "10",
        "Period": "300",
        "AlarmActions": [
          {
            "Fn::If": [
              "IsNotificationARNDefined",
              {
                "Ref": "NotificationARN"
              },
              {
                "Ref": "AWS::NoValue"
              }
            ]
          }
        ],
        "Dimensions": [
          {
            "Name": "LoadBalancer",
            "Value": {
              "Ref": "EnvironmentECSLoadBalancerFullName"
            }
          },
          {
            "Name": "TargetGroup",
            "Value": {
              "Fn::GetAtt": [
                "ECSLoadBalancerListenerTargetGroup",
                "TargetGroupFullName"
              ]
            }
          }
        ],
        "ComparisonOperator": "GreaterThanThreshold",
        "Namespace": "AWS/ApplicationELB",
        "MetricName": "HTTPCode_Target_5XX_Count"
      }
    },
    "ECSCpuUtilizationHighAlert": {
      "Type": "AWS::CloudWatch::Alarm",
      "Properties": {
        "EvaluationPeriods": "1",
        "Statistic": "Average",
        "Threshold": "80",
        "Period": "60",
        "AlarmActions": [
          {
            "Ref": "ECSCpuUtilizationScalingUpPolicy"
          }
        ],
        "Dimensions": [
          {
            "Name": "ClusterName",
            "Value": {
              "Ref": "ECSClusterPhysicalId"
            }
          },
          {
            "Name": "ServiceName",
            "Value": {
              "Fn::GetAtt": [
                "ECSService",
                "Name"
              ]
            }
          }
        ],
        "ComparisonOperator": "GreaterThanThreshold",
        "Namespace": "AWS/ECS",
        "MetricName": "CPUUtilization"
      }
    },
    "ECSCpuUtilizationScalingUpPolicy": {
      "Type": "AWS::ApplicationAutoScaling::ScalingPolicy",
      "Properties": {
        "PolicyName": {
          "Fn::Sub": [
            "${serviceName}-${envName}-ECSCpuUtilizationScalingUpPolicy",
            {
              "serviceName": {
                "Ref": "ApplicationName"
              },
              "envName": {
                "Ref": "DeploymentEnv"
              }
            }
          ]
        },
        "PolicyType": "StepScaling",
        "ScalingTargetId": {
          "Ref": "ECSScalableTarget"
        },
        "StepScalingPolicyConfiguration": {
          "AdjustmentType": "ChangeInCapacity",
          "Cooldown": 300,
          "MetricAggregationType": "Average",
          "StepAdjustments": [
            {
              "MetricIntervalLowerBound": 0,
              "ScalingAdjustment": 1
            }
          ]
        }
      }
    },
    "ECSCpuUtilizationLowAlert": {
      "Type": "AWS::CloudWatch::Alarm",
      "Properties": {
        "EvaluationPeriods": "1",
        "Statistic": "Average",
        "Threshold": "30",
        "Period": "600",
        "AlarmActions": [
          {
            "Ref": "ECSCpuUtilizationScalingDownPolicy"
          }
        ],
        "Dimensions": [
          {
            "Name": "ClusterName",
            "Value": {
              "Ref": "ECSClusterPhysicalId"
            }
          },
          {
            "Name": "ServiceName",
            "Value": {
              "Fn::GetAtt": [
                "ECSService",
                "Name"
              ]
            }
          }
        ],
        "ComparisonOperator": "LessThanThreshold",
        "Namespace": "AWS/ECS",
        "MetricName": "CPUUtilization"
      }
    },
    "ECSCpuUtilizationScalingDownPolicy": {
      "Type": "AWS::ApplicationAutoScaling::ScalingPolicy",
      "Properties": {
        "PolicyName": {
          "Fn::Sub": [
            "${serviceName}-${envName}-ECSCpuUtilizationScalingDownPolicy",
            {
              "serviceName": {
                "Ref": "ApplicationName"
              },
              "envName": {
                "Ref": "DeploymentEnv"
              }
            }
          ]
        },
        "PolicyType": "StepScaling",
        "ScalingTargetId": {
          "Ref": "ECSScalableTarget"
        },
        "StepScalingPolicyConfiguration": {
          "AdjustmentType": "ChangeInCapacity",
          "Cooldown": 300,
          "MetricAggregationType": "Average",
          "StepAdjustments": [
            {
              "MetricIntervalUpperBound": 0,
              "ScalingAdjustment": -1
            }
          ]
        }
      }
    },
    "ECSMemoryUtilizationHighAlert": {
      "Type": "AWS::CloudWatch::Alarm",
      "Properties": {
        "EvaluationPeriods": "1",
        "Statistic": "Average",
        "Threshold": "80",
        "Period": "60",
        "AlarmActions": [
          {
            "Ref": "ECSMemoryUtilizationScalingUpPolicy"
          }
        ],
        "Dimensions": [
          {
            "Name": "ClusterName",
            "Value": {
              "Ref": "ECSClusterPhysicalId"
            }
          },
          {
            "Name": "ServiceName",
            "Value": {
              "Fn::GetAtt": [
                "ECSService",
                "Name"
              ]
            }
          }
        ],
        "ComparisonOperator": "GreaterThanThreshold",
        "Namespace": "AWS/ECS",
        "MetricName": "MemoryUtilization"
      }
    },
    "ECSMemoryUtilizationScalingUpPolicy": {
      "Type": "AWS::ApplicationAutoScaling::ScalingPolicy",
      "Properties": {
        "PolicyName": {
          "Fn::Sub": [
            "${serviceName}-${envName}-ECSMemoryUtilizationScalingUpPolicy",
            {
              "serviceName": {
                "Ref": "ApplicationName"
              },
              "envName": {
                "Ref": "DeploymentEnv"
              }
            }
          ]
        },
        "PolicyType": "StepScaling",
        "ScalingTargetId": {
          "Ref": "ECSScalableTarget"
        },
        "StepScalingPolicyConfiguration": {
          "AdjustmentType": "ChangeInCapacity",
          "Cooldown": 300,
          "MetricAggregationType": "Average",
          "StepAdjustments": [
            {
              "MetricIntervalLowerBound": 0,
              "ScalingAdjustment": 1
            }
          ]
        }
      }
    },
    "ECSMemoryUtilizationLowAlert": {
      "Type": "AWS::CloudWatch::Alarm",
      "Properties": {
        "EvaluationPeriods": "1",
        "Statistic": "Average",
        "Threshold": "30",
        "Period": "600",
        "AlarmActions": [
          {
            "Ref": "ECSMemoryUtilizationScalingDownPolicy"
          }
        ],
        "Dimensions": [
          {
            "Name": "ClusterName",
            "Value": {
              "Ref": "ECSClusterPhysicalId"
            }
          },
          {
            "Name": "ServiceName",
            "Value": {
              "Fn::GetAtt": [
                "ECSService",
                "Name"
              ]
            }
          }
        ],
        "ComparisonOperator": "LessThanThreshold",
        "Namespace": "AWS/ECS",
        "MetricName": "MemoryUtilization"
      }
    },
    "ECSMemoryUtilizationScalingDownPolicy": {
      "Type": "AWS::ApplicationAutoScaling::ScalingPolicy",
      "Properties": {
        "PolicyName": {
          "Fn::Sub": [
            "${serviceName}-${envName}-ECSMemoryUtilizationScalingDownPolicy",
            {
              "serviceName": {
                "Ref": "ApplicationName"
              },
              "envName": {
                "Ref": "DeploymentEnv"
              }
            }
          ]
        },
        "PolicyType": "StepScaling",
        "ScalingTargetId": {
          "Ref": "ECSScalableTarget"
        },
        "StepScalingPolicyConfiguration": {
          "AdjustmentType": "ChangeInCapacity",
          "Cooldown": 300,
          "MetricAggregationType": "Average",
          "StepAdjustments": [
            {
              "MetricIntervalUpperBound": 0,
              "ScalingAdjustment": -1
            }
          ]
        }
      }
    },
    "ECSScalableTarget": {
      "Type": "AWS::ApplicationAutoScaling::ScalableTarget",
      "Properties": {
        "MaxCapacity": {
          "Ref": "ECSScalableTargetMaxCapacity"
        },
        "MinCapacity": {
          "Ref": "ECSScalableTargetMinCapacity"
        },
        "ResourceId": {
          "Fn::Sub": [
            "service/${clusterId}/${serviceName}",
            {
              "clusterId": {
                "Ref": "ECSClusterPhysicalId"
              },
              "serviceName": {
                "Fn::GetAtt": [
                  "ECSService",
                  "Name"
                ]
              }
            }
          ]
        },
        "RoleARN": {
          "Fn::GetAtt": [
            "AutoscalingRole",
            "Arn"
          ]
        },
        "ScalableDimension": "ecs:service:DesiredCount",
        "ServiceNamespace": "ecs"
      },
      "DependsOn": [
        "AutoscalingRole",
        "ECSService"
      ]
    },
    "AutoscalingRole": {
      "Type": "AWS::IAM::Role",
      "Properties": {
        "AssumeRolePolicyDocument": {
          "Statement": [
            {
              "Effect": "Allow",
              "Principal": {
                "Service": [
                  "application-autoscaling.amazonaws.com"
                ]
              },
              "Action": [
                "sts:AssumeRole"
              ]
            }
          ]
        },
        "Path": "/",
        "Policies": [
          {
            "PolicyName": "service-autoscaling",
            "PolicyDocument": {
              "Statement": [
                {
                  "Effect": "Allow",
                  "Action": [
                    "application-autoscaling:*",
                    "cloudwatch:DescribeAlarms",
                    "cloudwatch:PutMetricAlarm",
                    "ecs:DescribeServices",
                    "ecs:UpdateService"
                  ],
                  "Resource": "*"
                }
              ]
            }
          }
        ]
      }
    }
  },
  "Outputs": {
    "LogGroupName": {
      "Description": "Returns the log group name",
      "Value": {
        "Ref": "ECSLogsGroup"
      }
    },
    "ECSServiceName": {
      "Description": "Returns the ecs service name",
      "Value": {
        "Fn::GetAtt": [
          "ECSService",
          "Name"
        ]
      }
    }
  }
}
