{
  "AWSTemplateFormatVersion": "2010-09-09",
  "Description": "CloudFormation template to build the environment security group stack",
  "Parameters": {
    "ApplicationName": {
      "Description": "The name to refer to this component stack",
      "Type": "String"
    },
    "DeploymentEnv": {
      "Description": "The name of the environment (test/uat/prod etc)",
      "Type": "String"
    },
    "BillingTag": {
      "Description": "The billing tag for this stack",
      "Type": "String"
    },
    "VpcId": {
      "Description": "Id of the VPC",
      "Type": "String"
    },
    "toPort":{
      "Description": "Listening port of the service",
      "Type": "String",
      "Default" : "65535"
    }
  },
  "Resources": {
    "InboundEnvironmentRule": {
      "Type": "AWS::EC2::SecurityGroupIngress",
      "Properties": {
        "IpProtocol": "tcp",
        "FromPort": "0",
        "ToPort": {
          "Ref": "toPort"
        },
        "SourceSecurityGroupId": {
          "Ref": "EnvironmentSecurityGroup"
        },
        "GroupId": {
          "Ref": "EnvironmentSecurityGroup"
        }
      }
    },
    "EnvironmentSecurityGroup": {
      "Type": "AWS::EC2::SecurityGroup",
      "Properties": {
        "VpcId": {
          "Ref": "VpcId"
        },
        "GroupDescription": "A security group allowing access to all components within an environment",
        "Tags": [
          {
            "Value": {
              "Ref": "BillingTag"
            },
            "Key": "Billing"
          },
          {
            "Value": {
              "Fn::Sub": ["${applicationName}-${deploymentEnv}-env", {
                "applicationName"   : {"Ref": "ApplicationName"},
                "deploymentEnv"     : {"Ref": "DeploymentEnv"}
              }]
            },
            "Key": "Name"
          }
        ]
      }
    }
  },
  "Outputs": {
    "EnvironmentSGID": {
      "Description": "ID of the Environment Security Group",
      "Value": {
        "Fn::GetAtt": [
          "EnvironmentSecurityGroup",
          "GroupId"
        ]
      }
    }
  }
}