{
  "AWSTemplateFormatVersion": "2010-09-09",
  "Description": "CloudFormation template to build the ALB stack",
  "Parameters": {
    "ApplicationName": {
      "Description": "The name to refer to this component stack",
      "Type": "String"
    },
    "DeploymentEnv": {
      "Description": "The environment to refer to this component stack",
      "Type": "String",
      "ConstraintDescription": "Must be one of the following environments - ci | preprod | prod"
    },
    "BillingTag": {
      "Type": "String",
      "Description": "account tag for the billing",
      "Default": "coreapi"
    },
    "VpcId": {
      "Type": "String",
      "Description": "Id of the VPC"
    },
    "ELBS3Bucket": {
      "Description": "S3 Bucket for ELB logs",
      "Type": "String"
    },
    "DnsZone": {
      "Description": "Route53-hosted zone to use for the DNS record (<prefix>.<zone>)",
      "Type": "String",
      "Default": "api-platforms.telegraph.co.uk"
    },
    "EnvironmentSecurityGroup": {
      "Description": "Common security group for this environment",
      "Type": "String"
    },
    "BaseSecurityGroup": {
      "Description": "Telegraph Base security group",
      "Type": "String"
    },
    "NATSecurityGroup": {
      "Description": "Optional - NAT security group",
      "Type": "String"
    },
    "EC2Subnets": {
      "Description": "Comma delimited list of the private subnets",
      "Type": "CommaDelimitedList"
    },
    "PublicEC2Subnets": {
      "Description": "Comma delimited list of the public subnets",
      "Type": "String",
      "Default": ""
    },
    "SSLCertificateArn": {
      "Type": "String",
      "Description": "The Arn for the ssl certificate managed in aws",
      "Default": ""
    },
    "WithPublicAlb": {
      "Description": "Flag to set the public ALB optional",
      "Type": "String",
      "Default": "true"
    },
    "CloudFormationBucket":{
      "Description": "CloudFormation Bucket ",
      "Type": "String",
      "Default" : "artifacts-repo"
    },
    "CloudFormationCommonKey":{
      "Description": "CloudFormation Key",
      "Type"       : "String",
      "Default"    : "common/latest"
    }
  },
  "Conditions": {
    "IsNatSecurityGroupDefined": {
      "Fn::Not": [
        {
          "Fn::Equals": [
            "",
            {
              "Ref": "NATSecurityGroup"
            }
          ]
        }
      ]
    },
    "IsSSLCertificateArnDefined": {
      "Fn::Not": [
        {
          "Fn::Equals": [
            "",
            {
              "Ref": "SSLCertificateArn"
            }
          ]
        }
      ]
    },
    "IsWithPublicAlb": {
      "Fn::Equals": [
        "true",
        {
          "Ref": "WithPublicAlb"
        }
      ]
    }
  },
  "Resources": {
    "LoadBalancerV2": {
      "Type": "AWS::ElasticLoadBalancingV2::LoadBalancer",
      "Properties": {
        "Name": {
          "Fn::Sub": [
            "${app}-${env}",
            {
              "app": {
                "Ref": "ApplicationName"
              },
              "env": {
                "Ref": "DeploymentEnv"
              }
            }
          ]
        },
        "Subnets": {
          "Ref": "EC2Subnets"
        },
        "SecurityGroups": [
          {
            "Ref": "EnvironmentSecurityGroup"
          },
          {
            "Ref": "BaseSecurityGroup"
          },
          {
            "Fn::If": [
              "IsNatSecurityGroupDefined",
              {
                "Ref": "NATSecurityGroup"
              },
              {
                "Ref": "AWS::NoValue"
              }
            ]
          }
        ],
        "Scheme": "internal",
        "Tags": [
          {
            "Value": {
              "Ref": "BillingTag"
            },
            "Key": "Billing"
          }
        ],
        "LoadBalancerAttributes": [
          {
            "Key": "access_logs.s3.enabled",
            "Value": "true"
          },
          {
            "Key": "access_logs.s3.bucket",
            "Value": {
              "Ref": "ELBS3Bucket"
            }
          },
          {
            "Key": "access_logs.s3.prefix",
            "Value": {
              "Fn::Sub": [
                "${app}-${env}",
                {
                  "app": {
                    "Ref": "ApplicationName"
                  },
                  "env": {
                    "Ref": "DeploymentEnv"
                  }
                }
              ]
            }
          }
        ]
      }
    },
    "LoadBalancerListenerTargetGroup": {
      "Type": "AWS::ElasticLoadBalancingV2::TargetGroup",
      "Properties": {
        "HealthCheckPath": "/health",
        "HealthCheckProtocol": "HTTP",
        "HealthCheckIntervalSeconds": "10",
        "HealthCheckTimeoutSeconds": "9",
        "HealthyThresholdCount": 3,
        "UnhealthyThresholdCount": 2,
        "Port": "8080",
        "Protocol": "HTTP",
        "VpcId": {
          "Ref": "VpcId"
        }
      }
    },
    "LoadBalancerListener": {
      "Type": "AWS::ElasticLoadBalancingV2::Listener",
      "Properties": {
        "DefaultActions": [
          {
            "Type": "forward",
            "TargetGroupArn": {
              "Ref": "LoadBalancerListenerTargetGroup"
            }
          }
        ],
        "LoadBalancerArn": {
          "Ref": "LoadBalancerV2"
        },
        "Port": "80",
        "Protocol": "HTTP"
      }
    },
    "PublicCloudFront": {
      "Type": "AWS::CloudFormation::Stack",
      "Condition": "IsWithPublicAlb",
      "Properties": {
        "TemplateURL": {
          "Fn::Sub": [
            "https://s3-${AWS::Region}.amazonaws.com/${bucket}/${bucketKey}/template-common-ecs-cloudfront.json",
            {
              "bucket"   : {"Ref": "CloudFormationBucket"},
              "bucketKey": {"Ref": "CloudFormationCommonKey"}
            }
          ]
        },
        "Parameters": {
          "ApplicationName"             : {"Ref": "ApplicationName"},
          "DeploymentEnv"               : {"Ref": "DeploymentEnv"},
          "VpcId"                       : {"Ref": "VpcId"},
          "ELBS3Bucket"                 : {"Ref": "ELBS3Bucket"},
          "DnsZone"                     : {"Ref": "DnsZone"},
          "EnvironmentSecurityGroup"    : {"Ref": "EnvironmentSecurityGroup"},
          "BaseSecurityGroup"           : {"Ref": "BaseSecurityGroup"},
          "NATSecurityGroup"            : {"Ref": "NATSecurityGroup"},
          "PublicEC2Subnets"            : {"Ref": "PublicEC2Subnets"},
          "SSLCertificateArn"           : {"Ref": "SSLCertificateArn"}
        },
        "TimeoutInMinutes": "60"
      }
    },
    "DnsRecord": {
      "Type": "AWS::Route53::RecordSet",
      "Properties": {
        "HostedZoneName": {
          "Fn::Sub": [
            "${zone}.",
            {
              "zone": {
                "Ref": "DnsZone"
              }
            }
          ]
        },
        "Comment": {
          "Fn::Sub": [
            "DNS endpoint for ${app}.${env}",
            {
              "app": {
                "Ref": "ApplicationName"
              },
              "env": {
                "Ref": "DeploymentEnv"
              }
            }
          ]
        },
        "Name": {
          "Fn::Sub": [
            "${app}-${env}.${zone}.",
            {
              "app": {
                "Ref": "ApplicationName"
              },
              "env": {
                "Ref": "DeploymentEnv"
              },
              "zone": {
                "Ref": "DnsZone"
              }
            }
          ]
        },
        "Type": "CNAME",
        "TTL": "300",
        "ResourceRecords": [
          {
            "Fn::GetAtt": [
              "LoadBalancerV2",
              "DNSName"
            ]
          }
        ]
      }
    }
  },
  "Outputs": {
    "LoadBalancerListener": {
      "Description": "ID Load Balancer Listener",
      "Value": {
        "Ref": "LoadBalancerListener"
      }
    },
    "DnsName": {
      "Description": "Route53 DNS Name",
      "Value": {
        "Ref": "DnsRecord"
      }
    },
    "LoadBalancerV2": {
      "Description": "Load Balancer V2 full name",
      "Value": {
        "Fn::GetAtt": [
          "LoadBalancerV2",
          "LoadBalancerFullName"
        ]
      }
    }
  }
}