{
  "AWSTemplateFormatVersion": "2010-09-09",
  "Description": "CloudFormation template to build the ALB stack",
  "Parameters": {
    "ApplicationName": {
      "Description": "The name to refer to this component stack",
      "Type": "String"
    },
    "DeploymentEnv": {
      "Description": "The environment to refer to this component stack",
      "Type": "String",
      "ConstraintDescription": "Must be one of the following environments - ci | preprod | prod"
    },
    "BillingTag": {
      "Type": "String",
      "Description": "account tag for the billing",
      "Default": "coreapi"
    },
    "VpcId": {
      "Type": "String",
      "Description": "Id of the VPC"
    },
    "ELBS3Bucket": {
      "Description": "S3 Bucket for ELB logs",
      "Type": "String"
    },
    "DnsZone": {
      "Description": "Route53-hosted zone to use for the DNS record (<prefix>.<zone>)",
      "Type": "String",
      "Default": "api-platforms.telegraph.co.uk"
    },
    "EnvironmentSecurityGroup": {
      "Description": "Common security group for this environment",
      "Type": "String"
    },
    "BaseSecurityGroup": {
      "Description": "Telegraph Base security group",
      "Type": "String"
    },
    "NATSecurityGroup": {
      "Description": "Optional - NAT security group",
      "Type": "String"
    },
    "PublicEC2Subnets": {
      "Description": "Comma delimited list of the public subnets",
      "Type": "CommaDelimitedList",
      "Default": ""
    },
    "SSLCertificateArn": {
      "Type": "String",
      "Description": "The Arn for the ssl certificate managed in aws",
      "Default": ""
    }
  },
  "Conditions": {
    "IsNatSecurityGroupDefined": {
      "Fn::Not": [
        {
          "Fn::Equals": [
            "",
            {
              "Ref": "NATSecurityGroup"
            }
          ]
        }
      ]
    },
    "IsSSLCertificateArnDefined": {
      "Fn::Not": [
        {
          "Fn::Equals": [
            "",
            {
              "Ref": "SSLCertificateArn"
            }
          ]
        }
      ]
    }
  },
  "Resources": {
    "PublicLoadBalancerV2": {
      "Type": "AWS::ElasticLoadBalancingV2::LoadBalancer",
      "Properties": {
        "Name": {
          "Fn::Sub": [
            "${app}-public-${env}",
            {
              "app": {
                "Ref": "ApplicationName"
              },
              "env": {
                "Ref": "DeploymentEnv"
              }
            }
          ]
        },
        "Subnets": {
          "Ref": "PublicEC2Subnets"
        },
        "SecurityGroups": [
          {
            "Ref": "EnvironmentSecurityGroup"
          },
          {
            "Ref": "BaseSecurityGroup"
          },
          {
            "Fn::If": [
              "IsNatSecurityGroupDefined",
              {
                "Ref": "NATSecurityGroup"
              },
              {
                "Ref": "AWS::NoValue"
              }
            ]
          }
        ],
        "Tags": [
          {
            "Value": {
              "Ref": "BillingTag"
            },
            "Key": "Billing"
          }
        ],
        "LoadBalancerAttributes": [
          {
            "Key": "access_logs.s3.enabled",
            "Value": "true"
          },
          {
            "Key": "access_logs.s3.bucket",
            "Value": {
              "Ref": "ELBS3Bucket"
            }
          },
          {
            "Key": "access_logs.s3.prefix",
            "Value": {
              "Fn::Sub": [
                "${app}-public-${env}",
                {
                  "app": {
                    "Ref": "ApplicationName"
                  },
                  "env": {
                    "Ref": "DeploymentEnv"
                  }
                }
              ]
            }
          }
        ]
      }
    },
    "LoadBalancerListenerTargetGroupPublicHTTP": {
      "Type": "AWS::ElasticLoadBalancingV2::TargetGroup",
      "Properties": {
        "HealthCheckPath": "/health",
        "HealthCheckProtocol": "HTTP",
        "HealthCheckIntervalSeconds": "10",
        "HealthCheckTimeoutSeconds": "9",
        "HealthyThresholdCount": 3,
        "UnhealthyThresholdCount": 2,
        "Port": "8080",
        "Protocol": "HTTP",
        "VpcId": {
          "Ref": "VpcId"
        }
      }
    },
    "LoadBalancerListenerTargetGroupPublicHTTPS": {
      "Type": "AWS::ElasticLoadBalancingV2::TargetGroup",
      "Properties": {
        "HealthCheckPath": "/health",
        "HealthCheckProtocol": "HTTP",
        "HealthCheckIntervalSeconds": "10",
        "HealthCheckTimeoutSeconds": "9",
        "HealthyThresholdCount": 3,
        "UnhealthyThresholdCount": 2,
        "Port": "8080",
        "Protocol": "HTTP",
        "VpcId": {
          "Ref": "VpcId"
        }
      }
    },
    "LoadBalancerListenerPublicHTTP": {
      "Type": "AWS::ElasticLoadBalancingV2::Listener",
      "Properties": {
        "DefaultActions": [
          {
            "Type": "forward",
            "TargetGroupArn": {
              "Ref": "LoadBalancerListenerTargetGroupPublicHTTP"
            }
          }
        ],
        "LoadBalancerArn": {
          "Ref": "PublicLoadBalancerV2"
        },
        "Port": "80",
        "Protocol": "HTTP"
      }
    },
    "LoadBalancerListenerPublicHTTPS": {
      "Type": "AWS::ElasticLoadBalancingV2::Listener",
      "Properties": {
        "DefaultActions": [
          {
            "Type": "forward",
            "TargetGroupArn": {
              "Ref": "LoadBalancerListenerTargetGroupPublicHTTPS"
            }
          }
        ],
        "LoadBalancerArn": {
          "Ref": "PublicLoadBalancerV2"
        },
        "Certificates": [
          {
            "CertificateArn": {
              "Fn::If": [
                "IsSSLCertificateArnDefined",
                {
                  "Ref": "SSLCertificateArn"
                },
                {
                  "Ref": "AWS::NoValue"
                }
              ]
            }
          }
        ],
        "Port": "443",
        "Protocol": "HTTPS"
      }
    },
    "PublicDnsRecord": {
      "Type": "AWS::Route53::RecordSet",
      "Properties": {
        "HostedZoneName": {
          "Fn::Sub": [
            "${zone}.",
            {
              "zone": {
                "Ref": "DnsZone"
              }
            }
          ]
        },
        "Comment": {
          "Fn::Sub": [
            "DNS endpoint for ${app}.${env}",
            {
              "app": {
                "Ref": "ApplicationName"
              },
              "env": {
                "Ref": "DeploymentEnv"
              }
            }
          ]
        },
        "Name": {
          "Fn::Sub": [
            "${app}-public-${env}.${zone}.",
            {
              "app": {
                "Ref": "ApplicationName"
              },
              "env": {
                "Ref": "DeploymentEnv"
              },
              "zone": {
                "Ref": "DnsZone"
              }
            }
          ]
        },
        "Type": "CNAME",
        "TTL": "300",
        "ResourceRecords": [
          {
            "Fn::GetAtt": [
              "PublicLoadBalancerV2",
              "DNSName"
            ]
          }
        ]
      }
    }
  },
  "Outputs": {
    "LoadBalancerListenerPublicHTTPS": {
      "Description": "ID Load Balancer Listener",
      "Value": {
        "Ref": "LoadBalancerListenerPublicHTTPS"
      }
    },
    "LoadBalancerListenerPublicHTTP": {
      "Description": "ID Load Balancer Listener",
      "Value": {
        "Ref": "LoadBalancerListenerPublicHTTP"
      }
    },
    "PublicDnsName": {
      "Description": "Route53 DNS Name",
      "Value": {
        "Ref": "PublicDnsRecord"
      }
    }
  }
}