{
  "AWSTemplateFormatVersion": "2010-09-09",
  "Description": "CloudFormation template to build the ecr stack",
  "Parameters": {
    "ApplicationName": {
      "Description": "The name to refer to this component stack",
      "Type": "String"
    },
    "AwsAccountArnList": {
      "Description": "List of AWS Account Arns that have permission to push or pull from ECR eg. arn:aws:iam::${AccountID}:root",
      "Type": "CommaDelimitedList",
    }
  },
  "Resources": {
    "CustomRepository": {
      "Type": "AWS::ECR::Repository",
      "Properties": {
        "RepositoryName": {
          "Ref": "ApplicationName"
        },
        "RepositoryPolicyText": {
          "Version": "2008-10-17",
          "Statement": [
            {
              "Sid": "AllowPushPull",
              "Effect": "Allow",
              "Principal": {
                "AWS": {
                  "Ref": "AwsAccountArnList"
                }
              },
              "Action": [
                "ecr:GetDownloadUrlForLayer",
                "ecr:BatchGetImage",
                "ecr:BatchCheckLayerAvailability",
                "ecr:PutImage",
                "ecr:InitiateLayerUpload",
                "ecr:UploadLayerPart",
                "ecr:CompleteLayerUpload"
              ]
            }
          ]
        }
      }
    }
  }
}