[
    {
        "ParameterKey": "CloudFormationBucket",
        "ParameterValue": ""
    },
    {
        "ParameterKey": "CloudFormationKey",
        "ParameterValue": ""
    },
    {
        "ParameterKey"  : "LambdaStackDependencyName",
        "ParameterValue": "aws-resources-stack-dependencies"
    },
    {
        "ParameterKey"  : "LambdaTopicSubscriptionName",
        "ParameterValue": "aws-resources-topic-subscriptions"
    },
    {
        "ParameterKey"  : "LambdaLoadBalancerPriorityName",
        "ParameterValue": "aws-resources-load-balancer-priority"
    }
]