{
    "AWSTemplateFormatVersion": "2010-09-09",
    "Description": "CloudFormation template to build the Facebook Boot Storage Stack",
    "Parameters": {
        "CloudFormationBucket": {
            "Description": "CloudFormation Bucket ",
            "Type": "String"
        },
        "CloudFormationKey": {
            "Description": "CloudFormation Key",
            "Type": "String"
        },
        "LambdaStackDependencyName": {
            "Description": "Contains the Lambda Stack Dependency Name",
            "Type": "String"
        },
        "LambdaStackDependencyRuntime": {
            "Description": "The lambda runtime configuration",
            "Type": "String",
            "Default": "nodejs4.3",
            "AllowedValues": [
                "nodejs",
                "nodejs4.3",
                "java8",
                "python2.7"
            ]
        },
        "LambdaStackDependencyMemory": {
            "Description": "The memory used for StackDependency lambda function [MB]",
            "Type": "Number",
            "Default": 128,
            "AllowedValues": [
                128,
                256,
                512,
                1024
            ]
        },
        "LambdaStackDependencyTimeout": {
            "Description": "The timeout used for StackDependency lambda function [sec]",
            "Type": "Number",
            "Default": 300
        },
        "LambdaStackDependencyHandler": {
            "Description": "NodeJS Handler",
            "Type"       : "String",
            "Default"    : "index.handler"
        },

        "LambdaTopicSubscriptionName": {
            "Description": "Contains the Lambda Topic Subscription Name",
            "Type": "String"
        },
        "LambdaTopicSubscriptionRuntime": {
            "Description": "The lambda runtime configuration",
            "Type": "String",
            "Default": "nodejs4.3",
            "AllowedValues": [
                "nodejs",
                "nodejs4.3",
                "java8",
                "python2.7"
            ]
        },
        "LambdaTopicSubscriptionMemory": {
            "Description": "The memory used for StackDependency lambda function [MB]",
            "Type": "Number",
            "Default": 128,
            "AllowedValues": [
                128,
                256,
                512,
                1024
            ]
        },
        "LambdaTopicSubscriptionTimeout": {
            "Description": "The timeout used for StackDependency lambda function [sec]",
            "Type": "Number",
            "Default": 300
        },
        "LambdaTopicSubscriptionHandler": {
            "Description": "NodeJS Handler",
            "Type"       : "String",
            "Default"    : "index.handler"
        },


        "LambdaLoadBalancerPriorityName": {
            "Description": "Contains the Lambda Topic Subscription Name",
            "Type": "String"
        },
        "LambdaLoadBalancerPriorityRuntime": {
            "Description": "The lambda runtime configuration",
            "Type": "String",
            "Default": "nodejs4.3",
            "AllowedValues": [
                "nodejs",
                "nodejs4.3",
                "java8",
                "python2.7"
            ]
        },
        "LambdaLoadBalancerPriorityMemory": {
            "Description": "The memory used for StackDependency lambda function [MB]",
            "Type": "Number",
            "Default": 128,
            "AllowedValues": [
                128,
                256,
                512,
                1024
            ]
        },
        "LambdaLoadBalancerPriorityTimeout": {
            "Description": "The timeout used for StackDependency lambda function [sec]",
            "Type": "Number",
            "Default": 300
        },
        "LambdaLoadBalancerPriorityHandler": {
            "Description": "NodeJS Handler",
            "Type"       : "String",
            "Default"    : "index.handler"
        }
    },
    "Resources": {
        "LambdaStackDependency": {
            "Type": "AWS::Lambda::Function",
            "Properties": {
                "Description" : "AWS Custom Resource used to Resolve Stack Dependencies",
                "FunctionName": {"Ref": "LambdaStackDependencyName"},
                "Runtime"     : {"Ref": "LambdaStackDependencyRuntime"},
                "Handler"     : {"Ref": "LambdaStackDependencyHandler"},
                "MemorySize"  : {"Ref": "LambdaStackDependencyMemory"},
                "Timeout"     : {"Ref": "LambdaStackDependencyTimeout"},
                "Code"        : {"ZipFile": { "Fn::Join": ["\n", [
                    "exports.handler = (event, context, callback) => {",
                    "    console.info(JSON.stringify(event));",
                    "    callback(null, '{\"status\":\"success\"}');",
                    "};"
                ]]}},
                "Role": {
                    "Fn::GetAtt" : ["LambdaStackDependencyExecutionRole", "Arn"]
                }
            }
        },
        "LambdaStackDependencyExecutionRole": {
            "Type": "AWS::IAM::Role",
            "Properties": {
                "RoleName": {"Fn::Join":["", [
                    {"Ref":"LambdaStackDependencyName"},"-execution-role"
                ]]},
                "AssumeRolePolicyDocument": {
                    "Version": "2012-10-17",
                    "Statement": [
                        {
                            "Effect": "Allow",
                            "Principal": {
                                "Service": [
                                    "lambda.amazonaws.com"
                                ]
                            },
                            "Action": [
                                "sts:AssumeRole"
                            ]
                        }
                    ]
                }
            }
        },
        "LambdaStackDependencyAccessPolicy" :{
            "Type": "AWS::IAM::Policy",
            "Properties": {
                "PolicyName": {"Fn::Join":["", [
                    {"Ref":"LambdaStackDependencyName"},"-access-policy"
                ]]},
                "PolicyDocument":{
                    "Version": "2012-10-17",
                    "Statement": [
                        {
                            "Effect": "Allow",
                            "Action": [
                                "cloudformation:DescribeStacks",
                                "cloudformation:DescribeStacks",
                                "cloudformation:DescribeStackEvents",
                                "cloudformation:DescribeStackResource",
                                "cloudformation:DescribeStackResources"
                            ],
                            "Resource": "arn:aws:cloudformation:*:*:*"
                        }
                    ]
                },
                "Roles": [
                    {"Ref": "LambdaStackDependencyExecutionRole"}
                ]
            }
        },


        "LambdaTopicSubscription": {
            "Type": "AWS::Lambda::Function",
            "Properties": {
                "Description" : "AWS Custom Resource used to Resolve Topic Subscription",
                "FunctionName": {"Ref": "LambdaTopicSubscriptionName"},
                "Runtime"     : {"Ref": "LambdaTopicSubscriptionRuntime"},
                "Handler"     : {"Ref": "LambdaTopicSubscriptionHandler"},
                "MemorySize"  : {"Ref": "LambdaTopicSubscriptionMemory"},
                "Timeout"     : {"Ref": "LambdaTopicSubscriptionTimeout"},
                "Code": {"ZipFile": {"Fn::Join": ["\n", [
                    "exports.handler = (event, context, callback) => {",
                    "    console.info(JSON.stringify(event));",
                    "    callback(null, '{\"status\":\"success\"}');",
                    "};"
                ]]}},
                "Role": {"Fn::GetAtt": [
                    "LambdaTopicSubscriptionExecutionRole", "Arn"
                ]}
            }
        },
        "LambdaTopicSubscriptionExecutionRole": {
            "Type": "AWS::IAM::Role",
            "Properties": {
                "RoleName": {"Fn::Join":["", [
                    {"Ref":"LambdaTopicSubscriptionName"},"-execution-role"
                ]]},
                "AssumeRolePolicyDocument": {
                    "Version": "2012-10-17",
                    "Statement": [
                        {
                            "Effect": "Allow",
                            "Principal": {
                                "Service": [
                                    "lambda.amazonaws.com"
                                ]
                            },
                            "Action": [
                                "sts:AssumeRole"
                            ]
                        }
                    ]
                }
            }
        },
        "LambdaTopicSubscriptionAccessPolicy" :{
            "Type": "AWS::IAM::Policy",
            "Properties": {
                "PolicyName": {"Fn::Join":["", [
                    {"Ref":"LambdaTopicSubscriptionName"},"-access-policy"
                ]]},
                "PolicyDocument":{
                    "Version": "2012-10-17",
                    "Statement": [
                        {
                            "Effect": "Allow",
                            "Action": [
                                "sns:ConfirmSubscription",
                                "sns:ListSubscriptions",
                                "sns:ListSubscriptionsByTopic",
                                "sns:ListTopics",
                                "sns:Subscribe",
                                "sns:Unsubscribe"
                            ],
                            "Resource": [
                                "arn:aws:sns:*:*:*"
                            ]
                        }
                    ]
                },
                "Roles": [
                    {"Ref": "LambdaTopicSubscriptionExecutionRole"}
                ]
            }
        },


        "LambdaLoadBalancerPriority": {
            "Type": "AWS::Lambda::Function",
            "Properties": {
                "Description" : "AWS Custom Resource used to Resolve Topic Subscription",
                "FunctionName": {"Ref": "LambdaLoadBalancerPriorityName"},
                "Runtime"     : {"Ref": "LambdaLoadBalancerPriorityRuntime"},
                "Handler"     : {"Ref": "LambdaLoadBalancerPriorityHandler"},
                "MemorySize"  : {"Ref": "LambdaLoadBalancerPriorityMemory"},
                "Timeout"     : {"Ref": "LambdaLoadBalancerPriorityTimeout"},
                "Code": {"ZipFile": {"Fn::Join": ["\n", [
                    "exports.handler = (event, context, callback) => {",
                    "    console.info(JSON.stringify(event));",
                    "    callback(null, '{\"status\":\"success\"}');",
                    "};"
                ]]}},
                "Role": {"Fn::GetAtt": [
                    "LambdaLoadBalancerPriorityExecutionRole", "Arn"
                ]}
            }
        },
        "LambdaLoadBalancerPriorityExecutionRole": {
            "Type": "AWS::IAM::Role",
            "Properties": {
                "RoleName": {"Fn::Join":["", [
                    {"Ref":"LambdaLoadBalancerPriorityName"},"-execution-role"
                ]]},
                "AssumeRolePolicyDocument": {
                    "Version": "2012-10-17",
                    "Statement": [
                        {
                            "Effect": "Allow",
                            "Principal": {
                                "Service": [
                                    "lambda.amazonaws.com"
                                ]
                            },
                            "Action": [
                                "sts:AssumeRole"
                            ]
                        }
                    ]
                }
            }
        },
        "LambdaLoadBalancerPriorityAccessPolicy" :{
            "Type": "AWS::IAM::Policy",
            "Properties": {
                "PolicyName": {"Fn::Join":["", [
                    {"Ref":"LambdaLoadBalancerPriorityName"},"-access-policy"
                ]]},
                "PolicyDocument":{
                    "Version": "2012-10-17",
                    "Statement": [
                        {
                            "Effect": "Allow",
                            "Action": [
                                "cloudformation:DescribeStacks",
                                "cloudformation:DescribeStacks",
                                "cloudformation:DescribeStackEvents",
                                "cloudformation:DescribeStackResource",
                                "cloudformation:DescribeStackResources"
                            ],
                            "Resource": "arn:aws:cloudformation:*:*:*"
                        },
                        {
                            "Effect": "Allow",
                            "Action": [
                                "elasticloadbalancing:*"
                            ],
                            "Resource": "*"
                        }
                    ]
                },
                "Roles": [
                    {"Ref": "LambdaLoadBalancerPriorityExecutionRole"}
                ]
            }
        },
        "LambdaAwsResourcesLogPolicy": {
            "Type": "AWS::IAM::Policy",
            "Properties": {
                "PolicyName": "LambdaAwsResourcesLogPolicy",
                "PolicyDocument":{
                    "Version": "2012-10-17",
                    "Statement": [
                        {
                            "Effect": "Allow",
                            "Action": [
                                "logs:CreateLogGroup",
                                "logs:CreateLogStream",
                                "logs:PutLogEvents"
                            ],
                            "Resource": "arn:aws:logs:*:*:*"
                        }
                    ]
                },
                "Roles": [
                    {"Ref": "LambdaStackDependencyExecutionRole"},
                    {"Ref": "LambdaTopicSubscriptionExecutionRole"},
                    {"Ref": "LambdaLoadBalancerPriorityExecutionRole"}
                ]
            }
        }
    },

    "Outputs":{
        "LambdaStackDependencyArn": {
            "Description": "Lambda Stack Dependency Name",
            "Value": {
                "Ref": "LambdaStackDependency"
            }
        },
        "LambdaStackDependencyAccessPolicy":{
            "Description": "Lambda Stack Dependency Access Policy",
            "Value": {
                "Ref": "LambdaStackDependencyAccessPolicy"
            }
        }
    }
}