{
  "AWSTemplateFormatVersion": "2010-09-09",
  "Description": "Content API docker service template",
  "Parameters": {
    "ApplicationName": {
      "Description": "The application name",
      "Type": "String"
    },
    "DeploymentEnv": {
      "Description": "The environment to refer to this component stack",
      "Type": "String"
    },
    "CloudFormationBucket": {
      "Description": "CloudFormation Bucket ",
      "Type": "String"
    },
    "CloudFormationCommonKey": {
      "Description": "CloudFormation Key",
      "Type": "String",
      "Default": "common/63"
    },
    "BuildVersion": {
      "Description": "The version of the build",
      "Type": "String"
    },
    "TaskCpuAllocation": {
      "Description": "CPU allocation of the task",
      "Type": "String",
      "Default": "512"
    },
    "TaskMemoryAllocation": {
      "Description": "Memory allocation of the task",
      "Type": "String",
      "Default": "1024"
    },
    "DesiredCount": {
      "Description": "Desired count of the task",
      "Type": "String",
      "Default": "2"
    },
    "EnvECSClusterStack": {
      "Description": "ECS Cluster Repository",
      "Type": "String"
    },
    "VpcId": {
      "Description": "Application VPC",
      "Type": "String"
    },
    "AccountId": {
      "Description": "ECR account id",
      "Type": "String",
      "Default": "553346130293"
    },
    "LoadBalancerListenerPriority": {
      "Description": "Load Balancer Listener Priority",
      "Type": "String"
    },
    "DeregistrationDelay": {
      "Description": "The amount time for Load Balancing to wait before changing the state of a deregistering target from draining to unused",
      "Type": "String",
      "Default": "60"
    },
    "HealthCheckIntervalSeconds": {
      "Description": "The health check interval seconds",
      "Type": "String",
      "Default": "60"
    },
    "HealthCheckTimeoutSeconds": {
      "Description": "The health check timeout in seconds",
      "Type": "String",
      "Default": "30"
    },
    "ECSScalableTargetMinCapacity": {
      "Description": "ECS Scalable Target Min Capacity",
      "Type": "String",
      "Default": "1"
    },
    "ECSScalableTargetMaxCapacity": {
      "Description": "ECS Scalable Target Max Capacity",
      "Type": "String",
      "Default": "1"
    },
    "NotificationARN": {
      "Description": "Target ARN of the Notification",
      "Type": "String",
      "Default": "arn:aws:sns:eu-west-1:267208445930:commerce-preprod"
    },
    "WithAlarms": {
      "Description": "Target ARN of the Notification",
      "Type": "String",
      "Default": "true"
    }
  },
  "Conditions": {
    "IsAlarmsDefined": {
      "Fn::Equals": [
        "true",
        {
          "Ref": "WithAlarms"
        }
      ]
    }
  },
  "Resources": {
    "ECSCluster": {
      "Type": "Custom::StackDepdendency",
      "Properties": {
        "ServiceToken": {
          "Fn::Join": [
            "",
            [
              "arn:aws:lambda:",
              {
                "Ref": "AWS::Region"
              },
              ":",
              {
                "Ref": "AWS::AccountId"
              },
              ":function:aws-resources-stack-dependencies"
            ]
          ]
        },
        "StackName": {
          "Ref": "EnvECSClusterStack"
        }
      }
    },
    "ECSService": {
      "Type": "AWS::CloudFormation::Stack",
      "Properties": {
        "TemplateURL": {
          "Fn::Sub": [
            "https://s3-${AWS::Region}.amazonaws.com/${bucket}/${bucketKey}/template-common-ecs-service.json",
            {
              "bucket": {
                "Ref": "CloudFormationBucket"
              },
              "bucketKey": {
                "Ref": "CloudFormationCommonKey"
              }
            }
          ]
        },
        "Parameters": {
          "ApplicationName": {
            "Ref": "ApplicationName"
          },
          "DeploymentEnv": {
            "Ref": "DeploymentEnv"
          },
          "BuildImage": {
            "Ref": "ApplicationName"
          },
          "BuildVersion": {
            "Ref": "BuildVersion"
          },
          "TaskCpuAllocation": {
            "Ref": "TaskCpuAllocation"
          },
          "TaskMemoryAllocation": {
            "Ref": "TaskMemoryAllocation"
          },
          "DesiredCount": {
            "Ref": "DesiredCount"
          },
          "VpcId": {
            "Ref": "VpcId"
          },
          "ECSClusterPhysicalId": {
            "Fn::GetAtt": [
              "ECSCluster",
              "EnvironmentECSClusterID"
            ]
          },
          "ECSLoadBalancerListener": {
            "Fn::GetAtt": [
              "ECSCluster",
              "EnvironmentECSLoadBalancerListenerID"
            ]
          },
          "LoadBalancerListenerPriority": {
            "Ref": "LoadBalancerListenerPriority"
          },
          "DeploymentConfigMaxPercent": "200",
          "DeploymentConfigMinPercent": "50",
          "TaskRoleArn": {
            "Ref": "ECSServiceTaskRole"
          },
          "AccountId": {
            "Ref": "AccountId"
          },
          "HealthCheckIntervalSeconds": {
            "Ref": "HealthCheckIntervalSeconds"
          },
          "HealthCheckTimeoutSeconds": {
            "Ref": "HealthCheckTimeoutSeconds"
          },
          "HealthyThresholdCount": "2",
          "HealthEndpoint": {
            "Fn::Sub": [
              "/${serviceName}/admin/health",
              {
                "serviceName": {
                  "Ref": "ApplicationName"
                }
              }
            ]
          },
          "ContainerPort": "8888",
          "DeregistrationDelay": {
            "Ref": "DeregistrationDelay"
          },
          "ECSScalableTargetMinCapacity": {
            "Ref": "ECSScalableTargetMinCapacity"
          },
          "ECSScalableTargetMaxCapacity": {
            "Ref": "ECSScalableTargetMaxCapacity"
          },
          "NotificationARN": {
            "Ref": "NotificationARN"
          },
          "EnvironmentECSLoadBalancerFullName": {
            "Fn::If": [
              "IsAlarmsDefined",
              {
                "Fn::GetAtt": [
                  "ECSCluster",
                  "LoadBalancerV2"
                ]
              },
              ""
            ]
          }
        },
        "TimeoutInMinutes": "15"
      },
      "DependsOn": [
        "ECSServiceTaskRole"
      ]
    },
    "ECSServiceTaskRole": {
      "Type": "AWS::IAM::Role",
      "Properties": {
        "RoleName": {
          "Fn::Sub": [
            "${serviceName}-${envName}-execution-role",
            {
              "serviceName": {
                "Ref": "ApplicationName"
              },
              "envName": {
                "Ref": "DeploymentEnv"
              }
            }
          ]
        },
        "AssumeRolePolicyDocument": {
          "Version": "2012-10-17",
          "Statement": {
            "Effect": "Allow",
            "Principal": {
              "Service": "ecs-tasks.amazonaws.com"
            },
            "Action": "sts:AssumeRole"
          }
        },
        "Policies": [
          {
            "PolicyName": "SqsAccess",
            "PolicyDocument": {
              "Version": "2012-10-17",
              "Statement": [
                {
                  "Action": [
                    "sqs:*"
                  ],
                  "Effect": "Allow",
                  "Resource": "*"
                }
              ]
            }
          }
        ]
      }
    },
    "ECSServiceErrorMetric": {
      "Type": "AWS::Logs::MetricFilter",
      "Properties": {
        "FilterPattern": "{$.logLevel=\"ERROR\"}",
        "LogGroupName": {
          "Fn::GetAtt": [
            "ECSService",
            "Outputs.LogGroupName"
          ]
        },
        "MetricTransformations": [
          {
            "MetricValue": "1",
            "MetricNamespace": {
              "Fn::Sub": [
                "${serviceName}-${envName}-log",
                {
                  "serviceName": {
                    "Ref": "ApplicationName"
                  },
                  "envName": {
                    "Ref": "DeploymentEnv"
                  }
                }
              ]
            },
            "MetricName": {
              "Fn::Sub": [
                "${serviceName}-${envName}-error",
                {
                  "serviceName": {
                    "Ref": "ApplicationName"
                  },
                  "envName": {
                    "Ref": "DeploymentEnv"
                  }
                }
              ]
            }
          }
        ]
      },
      "DependsOn": [
        "ECSService"
      ]
    },
    "ECSServiceAlarmError": {
      "Type": "AWS::CloudWatch::Alarm",
      "Condition" : "IsAlarmsDefined",
      "Properties": {
        "AlarmActions": [
          {
            "Ref": "NotificationARN"
          }
        ],
        "AlarmDescription": "Send error msg to the slack channel",
        "AlarmName": {
          "Fn::Sub": [
            "${serviceName}-${envName}-error-alarm",
            {
              "serviceName": {
                "Ref": "ApplicationName"
              },
              "envName": {
                "Ref": "DeploymentEnv"
              }
            }
          ]
        },
        "ComparisonOperator": "GreaterThanThreshold",
        "EvaluationPeriods": 1,
        "Namespace": {
          "Fn::Sub": [
            "${serviceName}-${envName}-log",
            {
              "serviceName": {
                "Ref": "ApplicationName"
              },
              "envName": {
                "Ref": "DeploymentEnv"
              }
            }
          ]
        },
        "MetricName": {
          "Fn::Sub": [
            "${serviceName}-${envName}-error",
            {
              "serviceName": {
                "Ref": "ApplicationName"
              },
              "envName": {
                "Ref": "DeploymentEnv"
              }
            }
          ]
        },
        "Period": 60,
        "Statistic": "Sum",
        "Threshold": 1
      },
      "DependsOn": [
        "ECSServiceErrorMetric"
      ]
    }
  },
  "Outputs": {
    "ApplicationName": {
      "Value": {
        "Ref": "ApplicationName"
      }
    },
    "DeploymentEnv": {
      "Value": {
        "Ref": "DeploymentEnv"
      }
    },
    "CloudFormationBucket": {
      "Value": {
        "Ref": "CloudFormationBucket"
      }
    },
    "CloudFormationCommonKey": {
      "Value": {
        "Ref": "CloudFormationCommonKey"
      }
    },
    "BuildVersion": {
      "Value": {
        "Ref": "BuildVersion"
      }
    },
    "TaskMemoryAllocation": {
      "Value": {
        "Ref": "TaskMemoryAllocation"
      }
    },
    "DesiredCount": {
      "Value": {
        "Ref": "DesiredCount"
      }
    },
    "EnvECSClusterStack": {
      "Value": {
        "Ref": "EnvECSClusterStack"
      }
    },
    "VpcId": {
      "Value": {
        "Ref": "VpcId"
      }
    }
  }
}